What is Content Marketing?,https://contentmarketinginstitute.com/what-is-content-marketing/,"Content marketing is a strategic marketing approach focused on creating and distributing valuable, relevant, and consistent content to attract and retain a clearly defined audience â€” and, ultimately, to drive profitable customer action."
What is Content Marketing? Content Marketing Definition …,https://mailchimp.com/marketing-glossary/content-marketing/,"Content marketing is a marketing strategy used to attract, engage, and retain an audience by creating and sharing relevant articles, videos, podcasts, and other media. This approach establishes expertise, promotes brand awareness, and keeps your business top of mind when itâ€™s time to buy what you sell. What is content marketing?"
What is Content Marketing? - Marketo,https://www.marketo.com/content-marketing/,"31â€â€/8â€â€/2019Â Â· Content Marketing What is content marketing? Content marketing is the process of creating valuable, relevant content to attract, acquire, and engage your audience. Buyers and customers today are inundated by more marketing messages than â€¦"
What is Content Marketing - Oracle,https://www.oracle.com/cx/marketing/content-marketing/,"Content marketing defined Content marketing is the process of creating and distributing digital assets, such as blog posts, videos, ebooks, technical and solution briefs, and a variety of other digital content to provide information to your audience. Content marketing is essential to â€¦"
What Is Content Marketing? The Complete Guide,https://www.wix.com/blog/2020/04/what-is-content-marketing/,"22â€â€/4â€â€/2020Â Â· Content marketing is a type of marketing strategy that involves creating and distributing valuable, relevant, and engaging content in order to attract a targeted audience and encourage them to buy. This form of marketing doesnâ€™t explicitly promote a brand but, instead, stimulates consumer interest in its product or service."
Content Marketing Strategy: A Comprehensive Guide for ...,https://blog.hubspot.com/marketing/content-marketing-strategy-guide,"21â€â€/7â€â€/2015Â Â· Content marketing is a marketing program that centers on creating, publishing, and distributing content for your target audience -- usually online -- the goal of which is to attract new customers. The most common components of a content marketing program are social media networks, blogs, visual content, and premium content assets -- like tools ..."
What is Content Marketing? Benefits & Examples | Outbrain.com,https://www.outbrain.com/content-marketing/,"Content marketing is not a new concept. Brands and businesses were already publishing content in the earliest magazines and newspapers over a hundred years ago. Then, like now, the aim was to strengthen customer engagement, customer acquisition and brand awareness by providing useful, engaging information. With the rise of digital, marketers ..."
"CMI: Content Marketing Strategy, Research, ""How-To"" Advice",https://contentmarketinginstitute.com/,"19â€â€/11â€â€/2021Â Â· Content Marketing Institute (CMI): Our mission is to advance the practice of content marketing, through online education, print, and in-person events."
16 Killer Content Marketing Ideas (with Detailed Examples),https://www.activecampaign.com/blog/content-marketing-ideas,"14â€â€/2â€â€/2021Â Â· Content marketing is an equal partnership of content and distribution of that content, all towards a common goal. Content marketing takes a lot of work, and a huge part of that is coming up with actual content marketing ideas."
Why is Content Marketing Important for Your Business ...,https://www.lyfemarketing.com/blog/why-is-content-marketing-important/,"4â€â€/8â€â€/2020Â Â· 8. Content marketing helps you set yourself apart from competitors. In the busy digital marketplace, itâ€™s vital that your small business differentiates itself from competitors. This is the importance of content marketing. Content marketing is an effective way that small businesses can work to set themselves apart from others in the industry."
5 Types of Content Marketing Formats (and How To Use Them ...,https://www.semrush.com/blog/types-of-content-marketing/,"5â€â€/8â€â€/2020Â Â· 5. Social Media Content Marketing. Of the many forms of content marketing, social media is one that is often treated alone because it follows a slightly different set of rules. Unlike other digital marketing content listed above, social media marketing is all about getting people to look AND respond directly. You want engagement that is palpable."
Content Marketing Platform to Optimize Creation Process ...,https://welcomesoftware.com/content-marketing/,"Customize workflows for all types of content operations. Optimize the entire marketing process, from ideation to publishing, with customizable workflows that accelerate execution and maximize output. Enterprise-grade Workflows. Intelligent Alerts & Notifications. Brand Compliance & Approvals."
The 10 Best Content Marketing Training Courses (Free & Paid),https://www.reliablesoft.net/best-content-marketing-courses/,11â€â€/9â€â€/2021Â Â· Content Marketing Masterclass Course. One of the paid courses worth considering is the Content marketing masterclass: Create content that sells from Udemy.. Itâ€™s a popular course on content marketing with more than 7000 enrolled students and a 4.5/5 star rating.
Era Content Marketing,https://eracontent.marketing/,"Era Content Marketing. Thuá»™c sá»Ÿ há»¯u cá»§a CÃ´ng ty TNHH Pháº§n Má»m vÃ  Truyá»n ThÃ´ng VÃ¢n Tay MST / GPKD sá»‘: 0312731527, cáº¥p láº§n Ä‘áº§u ngÃ y 10/4/2014 táº¡i Sá»Ÿ káº¿ hoáº¡ch Ä‘áº§u tÆ° TP. HCM."
What is Content Marketing? Benefits & Examples | Outbrain.com,https://www.outbrain.com/content-marketing/,"Content marketing is not a new concept. Brands and businesses were already publishing content in the earliest magazines and newspapers over a hundred years ago. Then, like now, the aim was to strengthen customer engagement, customer acquisition and brand awareness by providing useful, engaging information. With the rise of digital, marketers ..."
Types of Content Marketing - Backlinko,https://backlinko.com/hub/content/types,"There are many different types of content marketing, including: And more. Even in-person product demos, seminars, physical leaflets, and phone books can be considered types of content marketing. The key is that the content provides information or entertainment, usually for free, in support of a business goal. (Even if that goal isnâ€™t obvious ..."
16 Killer Content Marketing Ideas (with Detailed Examples),https://www.activecampaign.com/blog/content-marketing-ideas,"14â€â€/2â€â€/2021Â Â· The best ideas arenâ€™t limited to one format. Youâ€™re about to get video ideas, social media ideas, blog post ideas, infographic ideas, and even print media ideas. Here are the 16 content marketing ideas: Show the inside scoop of your day-to-day. Make the boring fascinating. Create an authentic, immersive video experience."
5 Types of Content Marketing Formats (and How To Use Them ...,https://www.semrush.com/blog/types-of-content-marketing/,"5â€â€/8â€â€/2020Â Â· 5. Social Media Content Marketing. Of the many forms of content marketing, social media is one that is often treated alone because it follows a slightly different set of rules. Unlike other digital marketing content listed above, social media marketing is all about getting people to look AND respond directly. You want engagement that is palpable."
Content Marketing Platform to Optimize Creation Process ...,https://welcomesoftware.com/content-marketing/,"Use Welcome's built-in, rich-text HTML editor to author an original piece, and upload content (.ppt, .xls, .doc, .mp4 or other format) directly. That way, your team can create, proof, and version work â€” all in one place. Rich-Text HTML Editor."
7 Content Marketing Trends to Watch in 2021,https://www.wordstream.com/blog/ws/2020/11/23/content-marketing-trends,"23â€â€/11â€â€/2020Â Â· Another content marketing trend experts are expecting to continue is the tighter focus on bottom-of-funnel content related to core offerings. Part of this will be motivated by limited resources or conservative marketing plans. â€œI see businesses trying to stay lean as much as possible over at least the next 6-9 months,â€ Patrick says."
The 10 Best Content Marketing Training Courses (Free & Paid),https://www.reliablesoft.net/best-content-marketing-courses/,11â€â€/9â€â€/2021Â Â· Content Marketing Masterclass Course. One of the paid courses worth considering is the Content marketing masterclass: Create content that sells from Udemy.. Itâ€™s a popular course on content marketing with more than 7000 enrolled students and a 4.5/5 star rating.
6 Reasons Why Video Content Marketing is So Important,https://www.act.com/blog/gb/video-content-marketing/,"14â€â€/10â€â€/2020Â Â· Video content marketing is when brands produce video content to raise their profile online. Video is usually published on either YouTube or a social network, although it can also come in the form of webinars, courses, live video, or self-hosted video. When done well, video can be a powerful way for a brand to spread its message in a way that is ..."
Era Content Marketing,https://eracontent.marketing/,"Dá»‹ch vá»¥ tÆ° váº¥n vÃ  thá»±c hiá»‡n káº¿ hoáº¡ch Content Marketing, Content website, Sale Page, Upsell vÃ  Cross-sell, Analysis, Website Optimize. SÄT: 0919 1000 75"
ContentBot - AI Writer for Founders and Content Marketers,https://contentbot.ai/,ContentBot is the perfect AI Writer for founders and marketers. Add an AI Content Assistant to your team today - Create high quality content with ContentBot.ai and GPT-3
The Beginner's Guide To Content Marketing,https://neilpatel.com/blog/guide-to-content-marketing/,"24â€â€/11â€â€/2021Â Â· Content marketing is a relatively renew type of marketing that provides free media-type content to customers in exchange for their attention. Unlike traditional advertising which interrupts customers to get noticed, content marketing provides content that customers want in exchange for permission to market a product or service.. If youâ€™ve never heard of this â€¦"
What is Content Marketing? Benefits & Examples | Outbrain.com,https://www.outbrain.com/content-marketing/,"Content marketing is not a new concept. Brands and businesses were already publishing content in the earliest magazines and newspapers over a hundred years ago. Then, like now, the aim was to strengthen customer engagement, customer acquisition and brand awareness by providing useful, engaging information. With the rise of digital, marketers ..."
Content Marketing 2022. Content that Sells! | Udemy,https://www.udemy.com/course/content-marketing-strategy-course/,"6â€â€/11â€â€/2021Â Â· Content marketing is a marketing method for creating and distributing valuable, relevant, and consistent content for a specific audience. The goal of content marketing is to help your audience cope with challenges, improve their quality of life, and to establish yourself as a trusted thought leader."
Types of Content Marketing - Backlinko,https://backlinko.com/hub/content/types,"There are many different types of content marketing, including: And more. Even in-person product demos, seminars, physical leaflets, and phone books can be considered types of content marketing. The key is that the content provides information or entertainment, usually for free, in support of a business goal. (Even if that goal isnâ€™t obvious ..."
Content Marketing: The Ultimate Beginner's Guide,https://www.searchenginejournal.com/content-marketing/,Content marketing is the proven practice of generate interest in a business and its products/services by creating value for customers through â€¦
26 Content Marketing Examples To Inspire Your Team in 2021,https://www.semrush.com/blog/content-marketing-examples/,"30â€â€/5â€â€/2021Â Â· Content marketing, done right, can be one of the most powerful and cost-effective drivers of traffic and business growth online. With a solid strategy behind you, well-executed content can build your brand, set you apart from the competition and bring in â€¦"
8 Content Marketing Examples That Turn Heads and Spark ...,https://www.lyfemarketing.com/blog/content-marketing-examples/,2â€â€/10â€â€/2019Â Â· Content created by your fans and followers is an excellent supplement to your branded marketing content. It helps you build a connection with your leads while showing them how others use and view your brand.
6 Reasons Why Video Content Marketing is So Important,https://www.act.com/blog/gb/video-content-marketing/,"14â€â€/10â€â€/2020Â Â· Itâ€™s well known that content marketing is an effective way to build your brand and reach your target audience. One form of content marketing that is growing in significance is video marketing. In fact, according to a report by Demand Metric, 83 percent of marketers say that video is more important than ever. This is reflected by WYZOwl statistics which show 87 â€¦"
What is Content Strategy? (With Examples),https://blog.marketmuse.com/what-is-content-strategy/,"27â€â€/8â€â€/2020Â Â· Any content marketing strategy must align with your broader brand strategy, marketing goals, and business objectives. For that, youâ€™ll want to develop a roadmap. The role of the content strategist is to develop a roadmap for how content can contribute to achieving defined business goals."
Era Content Marketing,https://eracontent.marketing/,"Era Content Marketing. Thuá»™c sá»Ÿ há»¯u cá»§a CÃ´ng ty TNHH Pháº§n Má»m vÃ  Truyá»n ThÃ´ng VÃ¢n Tay MST / GPKD sá»‘: 0312731527, cáº¥p láº§n Ä‘áº§u ngÃ y 10/4/2014 táº¡i Sá»Ÿ káº¿ hoáº¡ch Ä‘áº§u tÆ° TP. HCM."
Content Marketing: A Modern Guide - Copyblogger,https://copyblogger.com/content-marketing/,"A content marketing strategy is a plan for building an audience by publishing, maintaining, and spreading frequent and consistent content that educates, entertains, or inspires to turn strangers into fans and fans into customers. In other words, youâ€™re building relationships and â€¦"
Content Marketing 2022. Content that Sells! | Udemy,https://www.udemy.com/course/content-marketing-strategy-course/,"6â€â€/11â€â€/2021Â Â· Content marketing is a marketing method for creating and distributing valuable, relevant, and consistent content for a specific audience. The goal of content marketing is to help your audience cope with challenges, improve their quality of life, and to establish yourself as a trusted thought leader."
8 Content Marketing Examples That Turn Heads and Spark ...,https://www.lyfemarketing.com/blog/content-marketing-examples/,2â€â€/10â€â€/2019Â Â· Content created by your fans and followers is an excellent supplement to your branded marketing content. It helps you build a connection with your leads while showing them how others use and view your brand.
Digital Marketing - Content - Tutorialspoint,https://www.tutorialspoint.com/digital_marketing/digital_marketing_content.htm,"Content marketing is a strategic marketing approach focused on creating and distributing valuable, relevant, and consistent content to attract and retain a clearly defined audience. It ultimately aims to drive profitable customer action. Content marketing is an umbrella term covering a set of strategies, techniques, and tactics to fulfil business and customer goals by â€¦"
6 Reasons Why Video Content Marketing is So Important,https://www.act.com/blog/gb/video-content-marketing/,"14â€â€/10â€â€/2020Â Â· Itâ€™s well known that content marketing is an effective way to build your brand and reach your target audience. One form of content marketing that is growing in significance is video marketing. In fact, according to a report by Demand Metric, 83 percent of marketers say that video is more important than ever. This is reflected by WYZOwl statistics which show 87 â€¦"
What is Content Strategy? (With Examples) - MarketMuse,https://blog.marketmuse.com/what-is-content-strategy/,"27â€â€/8â€â€/2020Â Â· Any content marketing strategy must align with your broader brand strategy, marketing goals, and business objectives. For that, youâ€™ll want to develop a roadmap. The role of the content strategist is to develop a roadmap for how content can contribute to achieving defined business goals."
The 6 Types of Content Will Boost Your Traffic and Engagement,https://buffer.com/library/content-marketing-tips/,"Content to entertain. Most content marketing efforts focus on education and helpfulness, and while this is a great track to take, as Iâ€™ll discuss below, it can also be a missed opportunity to interact with readers and connect to them on a very basic human-to-human level."
5 Content Marketing Ideas for December 2021 - Practical ...,https://www.practicalecommerce.com/5-content-marketing-ideas-for-december-2021,"10â€â€/11â€â€/2021Â Â· Content marketing is a constant flow of planning and producing. And topics, even for search engine optimization, may be hard to find. So for December 2021 content, consider industry forecasts, helpful holiday how-to articles, New Year's resolutions, and a couple of uncommon holidays."
Era Content Marketing,https://eracontent.marketing/,"Era Content Marketing. Thuá»™c sá»Ÿ há»¯u cá»§a CÃ´ng ty TNHH Pháº§n Má»m vÃ  Truyá»n ThÃ´ng VÃ¢n Tay MST / GPKD sá»‘: 0312731527, cáº¥p láº§n Ä‘áº§u ngÃ y 10/4/2014 táº¡i Sá»Ÿ káº¿ hoáº¡ch Ä‘áº§u tÆ° TP. HCM."
ContentBot - AI Writer for Founders and Content Marketers,https://contentbot.ai/,"Write 10x faster Use the world's most advanced AI to write for you. Blog content, landing pages, ad copy, and so much more.. Get Started. Join 21,434 founders & marketers who have used our AI Writer to 10x their content creation process."
Content Marketing 2022. Content that Sells! | Udemy,https://www.udemy.com/course/content-marketing-strategy-course/,"6â€â€/11â€â€/2021Â Â· Content marketing is a marketing method for creating and distributing valuable, relevant, and consistent content for a specific audience. The goal of content marketing is to help your audience cope with challenges, improve their quality of life, and to establish yourself as a trusted thought leader."
6 Reasons Why Video Content Marketing is So Important,https://www.act.com/blog/gb/video-content-marketing/,"14â€â€/10â€â€/2020Â Â· Itâ€™s well known that content marketing is an effective way to build your brand and reach your target audience. One form of content marketing that is growing in significance is video marketing. In fact, according to a report by Demand Metric, 83 percent of marketers say that video is more important than ever. This is reflected by WYZOwl statistics which show 87 percent of businesses use video ..."
10 Content Marketing Trends to Watch Out For In 2022,https://www.jeffbullas.com/content-marketing-trends/,"25â€â€/9â€â€/2021Â Â· You undoubtedly already know that quality content marketing is critical for attracting new customers, improving search engine rankings, and converting new leads. But few people discuss content tactics for maintaining existing consumers. To help you fix this, there is a list of content-focused strategies that will help you keep customers interested long after you have made a deal."
11 Big Content Marketing Challenges (and How to Overcome ...,https://www.wordstream.com/blog/ws/2015/03/16/content-marketing-challenges,"8â€â€/10â€â€/2021Â Â· Content Marketing Challenge #3: Keeping Quality Consistently High. As a content producer, reading is a significant part of my job. During the course of an average day, I read dozens of blog posts, news stories, and in-depth articles. Iâ€™m going to let you in on a little secret. At least half of them are terrible."
Content - Content Marketing & SEO Software | Marketing 360Â®,https://www.marketing360.com/content,"Amplify your content marketing. Gain access to technology and talent that helps you analyze and create rich organic content, with regards to blog articles, videos, website content and SEO, email campaigns, infographics and more. Plans & Pricing."
5 Content Marketing Ideas for December 2021 - Practical ...,https://www.practicalecommerce.com/5-content-marketing-ideas-for-december-2021,"10â€â€/11â€â€/2021Â Â· Content marketing is a constant flow of planning and producing. And topics, even for search engine optimization, may be hard to find. So for December 2021 content, consider industry forecasts, helpful holiday how-to articles, New Year's resolutions, and a couple of uncommon holidays."
Content Marketing Agency - Brafton,https://www.brafton.com/,"An in-house content marketing agency that develops and manages targeted content strategies from blogs, graphics and video to SEO, social and more. Brafton is the only content marketing agency that uses a metrics-based approach to creating content that generates results."
Digital Marketing Strategies- ContentFirst Marketing,https://contentfirst.marketing/,"Digital marketing done right gives you the advantage of carefully crafted follow-up messages, fresh, high-value dynamic site content, new customer education, and way to measure all your actions and interactions so you know whatâ€™s working."
70 Killer Content Ideas To Post On ... - Marketing Solved,https://www.marketingsolved.com/70-content-ideas-to-post-on-social-media/,"13â€â€/5â€â€/2019Â Â· 26. Re-Share Some Older Content (Graphics, Quotes, Blog Posts) 27. Host a 1 Day Only Flash Sale 28. Share Content From Someone Else 29. Let Someone Guest Post or Takeover Your Profile 30. Post a Case Study 31. Answer FAQâ€™s 32. Share Some Personal Wins or Results 33. Host an Interview with a Guest 34. Post Something Seasonal or Highlight a ..."
What is Influencer Marketing? An in Depth Look at ...,https://influencermarketinghub.com/what-is-influencer-marketing/,"14â€â€/7â€â€/2021Â Â· Influencer Marketing is a hybrid of old and new marketing tools, taking the idea of the celebrity endorsement and placing it into a modern day content-driven marketing campaign. The main differentiator in the case of influencer marketing is that the results of the campaign are collaborations between brands and influencers."
What is Content Marketing? A Chaptered Guide - Alexa Blog,https://blog.alexa.com/content-marketing/,"Content marketing is the process of using content to connect with and sell to a defined target audience. Content itself can come in many different forms, including articles, videos, and images. With that in mind, the content you give your audience needs to always offer consistent value and be delivered in a strategic manner."
Content Marketing Strategy in 2020 - HubSpot,https://www.hubspot.com/state-of-marketing/content-marketing,"Content Marketing Strategy in 2020. HubSpot's Christina Perricone outlines a foundation of Content Marketing strategies you can deploy this year. When your business invests in content marketing, you improve your ability to engage your buyer personas, convert more leads, boost brand awareness, and connect with your audience."
10 Content Marketing Trends to Watch Out For In 2022,https://www.jeffbullas.com/content-marketing-trends/,"25â€â€/9â€â€/2021Â Â· You undoubtedly already know that quality content marketing is critical for attracting new customers, improving search engine rankings, and converting new leads. But few people discuss content tactics for maintaining existing consumers. To help you fix this, there is a list of content-focused strategies that will help you keep customers interested long after you have â€¦"
Step-By-Step Content Marketing Plan Template,https://backlinko.com/templates/marketing/content-marketing-plan,"Use this free content marketing plan template to make your content drive real business results. And to help you publish more often. (Available in Word, Google Docs and as a PDF.) This template will help you create a rock-solid content marketing plan. It includes topic selection, competitive analysis, scheduling, promotion and more."
5 Content Marketing Ideas for December 2021 - Practical ...,https://www.practicalecommerce.com/5-content-marketing-ideas-for-december-2021,"10â€â€/11â€â€/2021Â Â· Content marketing is a constant flow of planning and producing. And topics, even for search engine optimization, may be hard to find. So for December 2021 content, consider industry forecasts, helpful holiday how-to articles, New Year's resolutions, and a couple of uncommon holidays."
Digital Marketing Strategies- ContentFirst Marketing,https://contentfirst.marketing/,"Digital marketing done right gives you the advantage of carefully crafted follow-up messages, fresh, high-value dynamic site content, new customer education, and way to measure all your actions and interactions so you know whatâ€™s working."
Brafton | Content Marketing Agency,https://www.brafton.com/,"An in-house content marketing agency that develops and manages targeted content strategies from blogs, graphics and video to SEO, social and more. Brafton is the only content marketing agency that uses a metrics-based approach to creating content that generates results."
Website Marketing â€“ The Complete Strategy Guide (Updated),https://www.reliablesoft.net/website-marketing/,"22â€â€/6â€â€/2021Â Â· Content Marketing Strategy. When you promote a website online, you essentially promote the content of your website and thatâ€™s why it is referred to as content marketing.. The main purpose of content marketing is to help you create the right type of content that will attract new users to your website and keep them engaged."
70 Killer Content Ideas To Post On ... - Marketing Solved,https://www.marketingsolved.com/70-content-ideas-to-post-on-social-media/,"13â€â€/5â€â€/2019Â Â· 26. Re-Share Some Older Content (Graphics, Quotes, Blog Posts) 27. Host a 1 Day Only Flash Sale 28. Share Content From Someone Else 29. Let Someone Guest Post or Takeover Your Profile 30. Post a Case Study 31. Answer FAQâ€™s 32. Share Some Personal Wins or Results 33. Host an Interview with a Guest 34. Post Something Seasonal or Highlight a ..."
What is Influencer Marketing? An in Depth Look at ...,https://influencermarketinghub.com/what-is-influencer-marketing/,"14â€â€/7â€â€/2021Â Â· Influencer Marketing is a hybrid of old and new marketing tools, taking the idea of the celebrity endorsement and placing it into a modern day content-driven marketing campaign. The main differentiator in the case of influencer marketing is that the results of the campaign are collaborations between brands and influencers."
Start content marketing - Online Courses - Google Digital ...,https://learndigital.withgoogle.com/digitalgarage/course/promote-with-content/module/138,"Content marketing is a great way to build trust and increase site traffic. In this topic, you'll learn how to write for online audiences, organise production and promotion, choose the right format based on your content, and track your content marketing success."
What is Content Marketing? A Chaptered Guide - Alexa Blog,https://blog.alexa.com/content-marketing/,"Content marketing is the process of using content to connect with and sell to a defined target audience. Content itself can come in many different forms, including articles, videos, and images. With that in mind, the content you give your audience needs to always offer consistent value and be delivered in a strategic manner."
Content Marketing Strategy in 2020 - HubSpot,https://www.hubspot.com/state-of-marketing/content-marketing,"Content Marketing Strategy in 2020. HubSpot's Christina Perricone outlines a foundation of Content Marketing strategies you can deploy this year. When your business invests in content marketing, you improve your ability to engage your buyer personas, convert more leads, boost brand awareness, and connect with your audience."
Content Marketing Certification Course | HubSpot Academy,https://academy.hubspot.com/courses/content-marketing,"In this free certification course, youâ€™ll gain the in-depth knowledge and practical skills needed to become a successful content marketer. We use cookies to make HubSpotâ€™s website a better place. Cookies help to provide a more personalized experience and relevant advertising for you, and web analytics for us."
Step-By-Step Content Marketing Plan Template,https://backlinko.com/templates/marketing/content-marketing-plan,"Use this free content marketing plan template to make your content drive real business results. And to help you publish more often. (Available in Word, Google Docs and as a PDF.) This template will help you create a rock-solid content marketing plan. It includes topic selection, competitive analysis, scheduling, promotion and more."
Brafton | Content Marketing Agency,https://www.brafton.com/,"An in-house content marketing agency that develops and manages targeted content strategies from blogs, graphics and video to SEO, social and more. Brafton is the only content marketing agency that uses a metrics-based approach to creating content that generates results."
70 Killer Content Ideas To Post On ... - Marketing Solved,https://www.marketingsolved.com/70-content-ideas-to-post-on-social-media/,"13â€â€/5â€â€/2019Â Â· 26. Re-Share Some Older Content (Graphics, Quotes, Blog Posts) 27. Host a 1 Day Only Flash Sale 28. Share Content From Someone Else 29. Let Someone Guest Post or Takeover Your Profile 30. Post a Case Study 31. Answer FAQâ€™s 32. Share Some Personal Wins or Results 33. Host an Interview with a Guest 34. Post Something Seasonal or Highlight a ..."
"Premiere Creative, Digital, Content Marketing Agency in ...",https://contenthacker.co/,"28â€â€/11â€â€/2020Â Â· Content Hacker is a creative, digital performance marketing firm. While content creation and marketing is our main tradecraft, we offer a full suite of digital marketing and online marketing services. Your website is your greatest digital sales tool. Your business deserves a website that both performs and truly sells."
BrightEdge - Enterprise SEO Platform | Content Marketing ...,https://www.brightedge.com/,"BrightEdge is the leading SEO solution and content performance marketing platform, helping more than 1,700 customers generate more organic traffic. BrightEdge is based in San Mateo, CA with offices in New York, Seattle, Chicago, Cleveland, Tokyo, Sydney, and London. Contact us for an SEO demo today."
What is Influencer Marketing? An in Depth Look at ...,https://influencermarketinghub.com/what-is-influencer-marketing/,"14â€â€/7â€â€/2021Â Â· Influencer Marketing is a hybrid of old and new marketing tools, taking the idea of the celebrity endorsement and placing it into a modern day content-driven marketing campaign. The main differentiator in the case of influencer marketing is that the results of the campaign are collaborations between brands and influencers."
Start content marketing - Online Courses - Google Digital ...,https://learndigital.withgoogle.com/digitalgarage/course/promote-with-content/module/138,"Content marketing is a great way to build trust and increase site traffic. In this topic, you'll learn how to write for online audiences, organise production and promotion, choose the right format based on your content, and track your content marketing success."
The Beginner's Guide To Content Marketing,https://neilpatel.com/blog/guide-to-content-marketing/,"24â€â€/11â€â€/2021Â Â· Content marketing is a relatively renew type of marketing that provides free media-type content to customers in exchange for their attention. Unlike traditional advertising which interrupts customers to get noticed, content marketing provides content that customers want in exchange for permission to market a product or service.. If youâ€™ve never heard of this concept, thatâ€™s ok."
Content Marketing Strategy in 2020 - HubSpot,https://www.hubspot.com/state-of-marketing/content-marketing,"Content Marketing Strategy in 2020. HubSpot's Christina Perricone outlines a foundation of Content Marketing strategies you can deploy this year. When your business invests in content marketing, you improve your ability to engage your buyer personas, convert more leads, boost brand awareness, and connect with your audience."
Content Marketing Certification Course | HubSpot Academy,https://academy.hubspot.com/courses/content-marketing,"In this free certification course, youâ€™ll gain the in-depth knowledge and practical skills needed to become a successful content marketer. We use cookies to make HubSpotâ€™s website a better place. Cookies help to provide a more personalized experience and relevant advertising for you, and web analytics for us."
Content Marketing Agency - Ironpaper,https://www.ironpaper.com/content-marketing-agency/,"Content drives better marketing outcomes. Content marketing programs to drive better lead acquisition, engagement, education, and nurturing. Ironpaper helps B2B organizations improve how they use content to strengthen their buyer's journey. Content marketing is an essential component of any lead generation practice."
4 Ways to Improve Your Content Marketing,https://hbr.org/2018/04/4-ways-to-improve-your-content-marketing,"19â€â€/4â€â€/2018Â Â· Content marketing is evolving, and, as buying becomes increasingly non-linear, can play an important role in aligning selling with buying. But there are â€¦"
Brafton | Content Marketing Agency,https://www.brafton.com/,"An in-house content marketing agency that develops and manages targeted content strategies from blogs, graphics and video to SEO, social and more. Brafton is the only content marketing agency that uses a metrics-based approach to creating content that generates results."
2021 Marketing Conferences: 20+ Best Virtual or In-Person,https://www.clearvoice.com/blog/ultimate-list-content-marketing-conferences/,"12â€â€/7â€â€/2021Â Â· Content Marketing World Date: September 28 â€“ October 1, 2021 Location: Currently planned to be in-person in Cleveland, Ohio Cost: Prices vary depending on when you purchase your passes.Virtual Passes start at $699. Sponsor: Content Marketing Institute Description: Content Marketing World still promises to be one of the largest content marketing conferences of 2021."
"Premiere Creative, Digital, Content Marketing Agency in ...",https://contenthacker.co/,"28â€â€/11â€â€/2020Â Â· Content Hacker is a creative, digital performance marketing firm. While content creation and marketing is our main tradecraft, we offer a full suite of digital marketing and online marketing services. Your website is your greatest digital sales tool. Your business deserves a website that both performs and truly sells."
BrightEdge - Enterprise SEO Platform | Content Marketing ...,https://www.brightedge.com/,"BrightEdge is the leading SEO solution and content performance marketing platform, helping more than 1,700 customers generate more organic traffic. BrightEdge is based in San Mateo, CA with offices in New York, Seattle, Chicago, Cleveland, Tokyo, Sydney, and London. Contact us for an SEO demo today."
