Backend Web Development with Python - Full Course,https://www.freecodecamp.org/news/backend-web-development-with-python-full-course/,1â€â€/7â€â€/2021Â Â· The backend of a website can be written in many different programming languages. It is becoming increasingly common for to use Python for the backend of a website. We just published a full backend web development with Python course on the freeCodeCamp.org YouTube channel. This comprehensive course is for
Python on the Backend - Udemy,https://www.udemy.com/course/python-on-the-back-end-for-beginners-http-server/,"Python on the Backend Learn python back end development, build a website or APIs in Python, designed for students with Mac or Windows 4.7 (674 ratings) 25,329 students Created by Hussein Nasser Last updated 9/2020 English English [Auto] What you'll learn Build cool web applications and APIs for other clients to consume"
How To Become a Python Backend Developer,https://theyuvas.com/how-to-become-a-python-backend-developer/,"6â€â€/8â€â€/2021Â Â· To become a python backend developer, you need to learn and get familiar with the basics of python, learn web development frameworks of Python (either Flask or Django). You need to have a basic knowledge and understanding of front-end technologies and frameworks, and need to know some basic database management concepts."
How to Become a Python Back-end Developer - Pythonista Planet,https://pythonistaplanet.com/how-to-become-a-python-backend-developer/,"1â€â€/7â€â€/2019Â Â· To become a Python backend developer, first of all, you need to learn the fundamentals of the Python language. Then, you need to learn either Django or Flask, which are the web development frameworks of Python. You should learn some basic database management concepts. Also, you need to have a basic understanding of front-end technologies."
Python for Backend Web Development | Complete Guide,https://www.jafricode.com/python-for-backend-web-development/,"10â€â€/7â€â€/2021Â Â· The Python backend Web development is the opposite of Python front-end development. As we have discussed Python front end development in detail, in which we mentioned different things like importance, skills, examples, etc. But in this article, we also â€¦"
Benefits of Using Python for backend Development Â» Coresumo,https://coresumo.com/benefits-of-using-python-for-backend-development-2021/,Python is the first option for backend developers because of its many benefits and also rising popularity among developers. Python-based backend development boosts product development performance. Python can be used to design projects whether you are a company owner or a startup.
Backend Python developer - Junior Python programmer,https://code-maven.com/backend-python-developer,"11â€â€/3â€â€/2020Â Â· A large subset of backend developers write web applications. They need to know the appropriate web framework used at their company. There are many Python-based web frameworks, but the most popular ones are Django and Flask. Learn at least one of them to increase your chances to become a good backend developer. Hint: Flask is much easire to learn."
How to learn Python backend development? - Python - The ...,https://forum.freecodecamp.org/t/how-to-learn-python-backend-development/143028,20â€â€/11â€â€/2020Â Â· The free ebook called Learn Python The Hard Way is a great resource and was the first book I read on Python that made sense to me all the way through. I would start with this to expose you to Python in general and then pick a web framework such as Django or Flask if you want to develop websites with Python as the back-end.
Python Programming Tutorials,https://pythonprogramming.net/web-development-tutorials/,"A developer can create a backend system just about however they want, but they are likely to not use best-practices this way. Django is more closed off, encouraging the developer to do things the ""Django way."" While this can feel restrictive, it also means the developer is more likely to â€¦"
Backend Development with Python Training Course,https://www.nobleprog.com/cc/pythonbackend,"21â€â€/7â€â€/2021Â Â· Backend development refers to the server-side development of a web application. It involves database operations, user management, and core functionality (business logic) of an application. Backend development complements frontend development to deliver the functionality expected by users of the application.Python is one of several programming ..."
How To Become a Python Backend Developer,https://theyuvas.com/how-to-become-a-python-backend-developer/,"6â€â€/8â€â€/2021Â Â· Review on best Python programming sites and courses: Educative.io Review; Pluralsight Review; Codecademy Pro Review; ... Roadmap for becoming a Python backend developer. Learn basics of Python, such as basic data structure concepts, functions, â€¦"
Why we choose Python as a backend language - asap developers,https://www.asapdevelopers.com/python-backend-language/,"23â€â€/11â€â€/2019Â Â· Designed by Guido van Rossum, Python is a programming language that was first released back in 1991 and has been gaining traction in the industry over the last five years. With an emphasis on code readability, this open-source language is friendly and easy to use. It is also our backend language of choice and, today, weâ€™d like to talk about why."
How to learn Python backend development? - Python - The ...,https://forum.freecodecamp.org/t/how-to-learn-python-backend-development/143028,"20â€â€/11â€â€/2020Â Â· Forum thread: Letâ€™s all build a comprehensive interactive Python curriculum together If you would like to be part of the planning and development of the Python curriculum, please subscribe to this GitHub Issue. Top recommended free resources-Learn Python The Hard Way(currently 2.7 but 3.6 coming)-Dive Into Python(2.7)-Dive Into Python 3(3.6)"
"Python Backend Developer, Alicia Insurance | Python.org",https://www.python.org/jobs/5961/,"12â€â€/11â€â€/2021Â Â· The official home of the Python Programming Language. Job Title Python Backend Developer Job Description. Alicia makes use of a state-of-the-art tech stack (Python, Django, PostgreSQL, ElasticSearch, Redis, Rabbit MQ, AWS SQS, Pyramid and Wagtail)."
4 top picks for backend development in 2021,https://www.merixstudio.com/blog/backend-development/,"27â€â€/1â€â€/2021Â Â· Backend development choice #1: Python Let us start with Python : a high-level dynamically typed programming language that has been gaining momentum in the IT world for quite a while. Conceived and first implemented around 30 years ago, it remains (compared to last yearâ€™s CodinGame 2020 Developer Survey ) the third best-known and most in ..."
Top 7 Programming Languages for Backend Web Development,https://www.geeksforgeeks.org/top-7-programming-languages-for-backend-web-development/,"27â€â€/4â€â€/2021Â Â· Though Python is quite famous among individuals for its compatibility with advanced technologies like Machine Learning, Internet of Things (IoT), Data Science, etc. â€“ let us tell you that this enriching programming language is widely used and very much suitable for â€¦"
Python Programming Tutorials,https://pythonprogramming.net/web-development-tutorials/,"Python Programming tutorials from beginner to advanced on a massive variety of topics. ... to get your website running. The underlying system of logic, design, and organization is done almost entirely by the developer from this point. ... A developer can create a backend system just about however they want, but they are likely to not use best ..."
The Best Way to Learn Backend Web Development,https://www.freecodecamp.org/news/learn-backend-development/,"12â€â€/4â€â€/2020Â Â· What is Backend Development? ... Examples: C#, Java, Node, PHP, Python, etc. (there are many!) Manage to host using cPanel (traditional) or using bash terminal (cloud hosting/traditional) ... Learn a backend programming language. When people learn by themselves, they usually do not have a team or anyone who can do front end development. ..."
Back End Programming Languages | Top 4 Main Back End â€¦,https://www.educba.com/back-end-programming-languages/,"Python Training Program (39 Courses, 13+ Projects) Java Training (40 Courses, 29 Projects, 4 Quizzes) public class JavaFirstProgram ... Thus, a backend developer should identify the goals first and integration requirements before choosing a programming language. Recommended Articles. This is a guide to Back End Programming Languages. Here we ..."
Backend Development with Python Training Course,https://www.nobleprog.com/cc/pythonbackend,"21â€â€/7â€â€/2021Â Â· Backend development refers to the server-side development of a web application. It involves database operations, user management, and core functionality (business logic) of an application. Backend development complements frontend development to deliver the functionality expected by users of the application.Python is one of several programming ..."
How to learn Python backend development? - Python - The ...,https://forum.freecodecamp.org/t/how-to-learn-python-backend-development/143028,20â€â€/11â€â€/2020Â Â· The free ebook called Learn Python The Hard Way is a great resource and was the first book I read on Python that made sense to me all the way through. I would start with this to expose you to Python in general and then pick a web framework such as Django or Flask if you want to develop websites with Python as the back-end.
Complete Backend Development 2022 Bundle - Python â€¦,https://www.udemy.com/course/software-developer-masterclass/,"Welcome to The Complete 2022 Backend Development Bootcamp - Python Roadmap, Throughout the course, we will explore the most important technologies and concepts you need to know to become a market-ready developer. Here is the structural flow that we will follow, Basics of Programming. Core Python."
4 top picks for backend development in 2021,https://www.merixstudio.com/blog/backend-development/,"27â€â€/1â€â€/2021Â Â· Backend development choice #1: Python Let us start with Python : a high-level dynamically typed programming language that has been gaining momentum in the IT world for quite a while. Conceived and first implemented around 30 years ago, it remains (compared to last yearâ€™s CodinGame 2020 Developer Survey ) the third best-known and most in ..."
"Python Backend Developer, Alicia Insurance | Python.org",https://www.python.org/jobs/5961/,"12â€â€/11â€â€/2021Â Â· The official home of the Python Programming Language. Job Title Python Backend Developer Job Description. Alicia makes use of a state-of-the-art tech stack (Python, Django, PostgreSQL, ElasticSearch, Redis, Rabbit MQ, AWS SQS, Pyramid and Wagtail)."
Backend Developer Skills You Must Have - InterviewBit,https://www.interviewbit.com/blog/backend-developer-skills/,"21â€â€/6â€â€/2021Â Â· Backend Developer Skills Backend Programming Languages. ... Python is a core programming language for back-end development. There are many development frameworks built upon python including Django which can be used for both frontend and backend and Flask. Front-end Python is not unheard of, itâ€™s just not preferred."
Top 7 Programming Languages for Backend Web Development,https://www.geeksforgeeks.org/top-7-programming-languages-for-backend-web-development/,"27â€â€/4â€â€/2021Â Â· Though Python is quite famous among individuals for its compatibility with advanced technologies like Machine Learning, Internet of Things (IoT), Data Science, etc. â€“ let us tell you that this enriching programming language is widely used and very much suitable for backend web development also."
How to create a website using Python (an introduction ...,https://www.freelancer.com/articles/web-development/how-to-build-a-website-with-python,"5â€â€/10â€â€/2021Â Â· Step 4: Backend development with Python. Once you've covered the above steps, you're ready for back-end development. Now comes the fun part, we have to use Python to design the backend i.e., the part of the website code that runs on the server. Start by learning the syntax of Python, and then move onto a framework like Django or Flask."
How to Become a Backend Developer - Learning Path,https://hackr.io/blog/how-to-become-a-backend-developer,"9â€â€/11â€â€/2021Â Â· Learning backend development helps you get acquainted with several programming languages which can help give your career a great boost. ... If you're not already familiar with them, start with languages like C, Java, or Python and try to understand how application logic works, the best practices of coding, etc. Step 3: Learn the basics of ..."
The Best Way to Learn Backend Web Development,https://www.freecodecamp.org/news/learn-backend-development/,"12â€â€/4â€â€/2020Â Â· Programming those computers in some special way is called back end development. You may think that backend development is called what it is because it runs behind the user's back. A visitor to your website never really ""accesses"" the back end completely."
Complete Backend Development 2022 Bundle - Python â€¦,https://www.udemy.com/course/software-developer-masterclass/,"Welcome to The Complete 2022 Backend Development Bootcamp - Python Roadmap, Throughout the course, we will explore the most important technologies and concepts you need to know to become a market-ready developer. Here is the structural flow that we will follow, Basics of Programming. Core Python."
Top 7 Programming Languages for Backend Web Development,https://www.geeksforgeeks.org/top-7-programming-languages-for-backend-web-development/,"27â€â€/4â€â€/2021Â Â· Though Python is quite famous among individuals for its compatibility with advanced technologies like Machine Learning, Internet of Things (IoT), Data Science, etc. â€“ let us tell you that this enriching programming language is widely used and very much suitable for backend web development also."
Should I go with Java or Python for backend development ...,https://www.quora.com/Should-I-go-with-Java-or-Python-for-backend-development,"Answer (1 of 5): If you didnâ€™t have any idea about how HTTP requests are handled, how to serve an app on server, then i think you should first go with python, as it is so simple you need not to worry about million other things as it already take care of that, in python also i â€¦"
Backend Developer Skills You Must Have - InterviewBit,https://www.interviewbit.com/blog/backend-developer-skills/,21â€â€/6â€â€/2021Â Â· Backend Development is also known as server-side development. It is everything that the users donâ€™t see and contains behind-the-scenes activities that occur when performing any action on a website. ... Python is a core programming language for back-end development. There are many development frameworks built upon python including Django which ...
GitHub - CoderBotOrg/backend: Python backend exposing an ...,https://github.com/CoderBotOrg/backend,"1â€â€/11â€â€/2014Â Â· Python backend exposing an API to control, configure and program CoderBot. - GitHub - CoderBotOrg/backend: Python backend exposing an API to control, configure and program CoderBot. ... python raspberry-pi robot programmable blockly rapid-development gui-programming coderbot visual-coding Resources. Readme License. GPL-2.0 License â€¦"
Is Python a front-end programming language or a back-end ...,https://www.quora.com/Is-Python-a-front-end-programming-language-or-a-back-end-programming-language,"Answer (1 of 10): Python is a general purpose language and all general purpose languages can be used at both front end and back end. Java, C#, C,C++ etc are general purpose languages. It can be used both as back end as well as front end. API's using Django/Flask can be made as back end. Tkinter..."
How to create a website using Python (an introduction ...,https://www.freelancer.com/articles/web-development/how-to-build-a-website-with-python,"5â€â€/10â€â€/2021Â Â· Step 4: Backend development with Python. Once you've covered the above steps, you're ready for back-end development. Now comes the fun part, we have to use Python to design the backend i.e., the part of the website code that runs on the server. Start by learning the syntax of Python, and then move onto a framework like Django or Flask."
How to Become a Backend Developer - Learning Path,https://hackr.io/blog/how-to-become-a-backend-developer,9â€â€/11â€â€/2021Â Â· Step 1: Be well versed with the basics of Data Structures & Algorithm. Step 2: Learn a Programming Language and choose a Framework. Step 3: Learn the basics of Databases. Step 4: Learn Framework (s) Step 5: Start your practical training. Step 6: Innovate and create something new. Step 7: Hosting â€” AWS / Heroku.
A Complete Step By Step Guide to Python For App Development,https://www.spaceotechnologies.com/python-for-app-development/,"12â€â€/2â€â€/2021Â Â· Millions of developers use Python to build mobile and web applications, write data-crunching pipelines, generate reports, automate tests, conduct research, and several other tasks in a multitude of domains. People admire it for being an â€œadjustable deskâ€ language. However, before you choose it for software development, ensure you know its pros and cons."
Python Developer Roadmap in 2021 ğŸ—º - DEV Community,https://dev.to/hb/python-developer-roadmap-in-2021-2bmo,"23â€â€/12â€â€/2020Â Â· Do you want to become a Python developer but don't know where to start? If that's the case, you're in... Tagged with python, productivity, beginners, codenewbie. ... Programmer x Swimmer | React Dev, Machine Learning Enthusiast, Rustacean ... I am a software developer backend, I like to learn and share knowledge about technology"
Complete Backend Development 2022 Bundle - Python â€¦,https://www.udemy.com/course/software-developer-masterclass/,"Welcome to The Complete 2022 Backend Development Bootcamp - Python Roadmap, Throughout the course, we will explore the most important technologies and concepts you need to know to become a market-ready developer. Here is the structural flow that we will follow, Basics of Programming. Core Python."
"What is Backend Development: Skills, Salary, Roles & More ...",https://www.simplilearn.com/tutorials/programming-tutorial/what-is-backend-development,"1â€â€/9â€â€/2021Â Â· Backend development is done with Python frameworks like Django and Flask. In Windows systems, the C# language is the recommended architecture for backend programming. PHP, Perl, and Ruby are some of the other languages available. Because backend and frontend developers collaborate so closely, ..."
Complete Backend Development 2021 Bundle - Python Roadmap ...,https://allcoursesfree.com/complete-backend-development-2021-bundle-python-roadmap/,"29â€â€/5â€â€/2021Â Â· Welcome to The Complete 2021 Backend Development Bootcamp â€“ Python Roadmap, Throughout the course, we will explore the most important technologies and concepts you need to know to become a market-ready developer. Here is the structural flow that we will follow, Basics of Programming. Core Python."
Web Development in Python with Django: Building Backend ...,https://www.oreilly.com/library/view/web-development-in/9780134659824/,Python programmers and other software developers interested in leveraging the Django web framework to build web applications; Course Requirements. Python programming experience; Lesson Descriptions Lesson 1: Revisit Web Development Fundamental Concepts Lesson 1 covers the fundamentals of web applications. Most software is a solution to a ...
7 Top Python Frameworks For Web Development in 2021,https://www.monocubed.com/top-python-frameworks/,26â€â€/11â€â€/2021Â Â· Python backend frameworks have a higher source order abstractions and metaprogramming potential to develop large and complicated code systems and have a variety of libraries for unique features. Letâ€™s observe a few of the operations involved in web app development that require usage of web frameworks for Python:
Senior Backend/Python Developer Resume - Hire IT People ...,https://www.hireitpeople.com/resume-database/72-web-developer-resumes/147944-senior-backend-python-developer-resume,"Around 10 years of experience in IT Industry involving in analytical programming software development and design, testing of web based and client server multi - tier applications using Python, Django & Backend Technologies.Expertise in Object Oriented concepts like Creating Classes, Inheritance, Constructors, Polymorphism, Encapsulation, Overloading and â€¦"
How to become a Backend Developer: A 'do'able plan,https://www.crio.do/blog/backend-development-career/,"11â€â€/3â€â€/2021Â Â· Skill #1 Programming language and backend frameworks. It goes without saying that to be a skilled backend developer, it is crucial to master a programming language. The backend code written in a specific language is used to â€¦"
Python Web Development Tutorials â€“ Real Python,https://realpython.com/tutorials/web-dev/,"27â€â€/10â€â€/2021Â Â· Python Web Development Tutorials. Python is a beautiful language. Itâ€™s easy to learn and fun, and its syntax (the rules) is clear and concise. Python is a popular choice for beginners, yet still powerful enough to back some of the worldâ€™s most popular products and applications from companies like NASA, Google, IBM, Cisco, Microsoft ..."
Top 21 Python Developer Skills You Must Need To Become a ...,https://www.upgrad.com/blog/python-developer-skills/,"16â€â€/12â€â€/2019Â Â· Python is a programming language that is extensively used for online and software development, task automation, data analysis, and data visualization. Python is used in a variety of fields, such as web and game development, machine learning, artificial intelligence, scientific computing, and academic research."
Python Developer Salary in the US and World in 2021| Why ...,https://www.daxx.com/blog/development-trends/python-developer-salary-usa,"1â€â€/7â€â€/2021Â Â· Python developer salary in the USA in 2021 is $108,598. Python developer salary in Switzerland is lower than in the USA and reaches $103,55 per year. Software engineers in Germany are paid $65,020. In Austria, the Python developer's salary is lower than in Germany and reaches $57,510. Python programmer salary in Sweden reaches $54,780 per year."
Python Backend Development - Courses,https://www.thevalleybootcamp.com/python.html,"This course will start with an introduction to python programming. The course covers all the topics needed to be a good backend developer. On the scripting part, we cover Linux and shell scripting. We also go through the basics of github. We start with setting up â€¦"
Complete Backend Development 2021 Bundle - Python Roadmap ...,https://allcoursesfree.com/complete-backend-development-2021-bundle-python-roadmap/,"29â€â€/5â€â€/2021Â Â· Welcome to The Complete 2021 Backend Development Bootcamp â€“ Python Roadmap, Throughout the course, we will explore the most important technologies and concepts you need to know to become a market-ready developer. Here is the structural flow that we will follow, Basics of Programming. Core Python."
7 Top Python Frameworks For Web Development in 2021,https://www.monocubed.com/top-python-frameworks/,26â€â€/11â€â€/2021Â Â· Python backend frameworks have a higher source order abstractions and metaprogramming potential to develop large and complicated code systems and have a variety of libraries for unique features. Letâ€™s observe a few of the operations involved in web app development that require usage of web frameworks for Python:
Python Web Development Tutorial - Learn Web Development ...,https://intellipaat.com/blog/python-web-development-tutorial/,"11â€â€/12â€â€/2021Â Â· Python Web Development Tutorial. Python is one of the most popular and versatile programming languages that can be used to build applications of several kinds. For web applications, Python enables developers to build the backend or server-side. It â€¦"
Senior Backend/Python Developer Resume - Hire IT People ...,https://www.hireitpeople.com/resume-database/72-web-developer-resumes/147944-senior-backend-python-developer-resume,"Around 10 years of experience in IT Industry involving in analytical programming software development and design, testing of web based and client server multi - tier applications using Python, Django & Backend Technologies.Expertise in Object Oriented concepts like Creating Classes, Inheritance, Constructors, Polymorphism, Encapsulation, Overloading and Overriding.Experience as a Python ..."
8 Best Backend Frameworks For Web App Development in 2021,https://www.monocubed.com/best-backend-frameworks/,"8â€â€/11â€â€/2021Â Â· Python â€“ Django, Flask. JavaScript â€“ Express.js, Spring. PHP â€“ Laravel, CakePHP. Ruby â€“ Ruby on Rails. Elixir â€“ Phoenix. The video showcases the evaluation of the most popular backend development frameworks and their growth over the years. We will discuss the features and use cases of these top 8 frameworks in this blog."
Moving to Backend Coding Systems. Backend programming is a ...,https://medium.com/roblox-developer/moving-to-backend-coding-systems-573c7f9c3b2c,16â€â€/11â€â€/2021Â Â· Backend programming is a necessity for all programmers to learn as it allows you to have full control over your game â€” from the player who is â€¦
Python Developer Roadmap in 2021 ğŸ—º - DEV Community,https://dev.to/hb/python-developer-roadmap-in-2021-2bmo,"23â€â€/12â€â€/2020Â Â· Python Developer Roadmap in 2021 ğŸ—º. # python # productivity # beginners # codenewbie. Do you want to become a Python developer but don't know where to start? If that's the case, you're in the right place. In this roadmap, I will show you everything you need to know in order to become a python developer. Let's jump right into it!"
Backend Developer Skills You need to Know,https://squareboat.com/blog/backend-developer-skills,"The backend is the part of a web application that is unrevealed to the user. Unlike front-end, back-end development operations are not very easy and usually turn out to be complicated and manifold; this part is in alignment with the server. Backend operations are a lot different that are controlled by different programming languages like C, C++, Perl, and Ruby."
Python Developer Salary in the US and World in 2021| Why ...,https://www.daxx.com/blog/development-trends/python-developer-salary-usa,"1â€â€/7â€â€/2021Â Â· Python developer salary in the USA in 2021 is $108,598. Python developer salary in Switzerland is lower than in the USA and reaches $103,55 per year. Software engineers in Germany are paid $65,020. In Austria, the Python developer's salary is lower than in Germany and reaches $57,510. Python programmer salary in Sweden reaches $54,780 per year."
Python Backend Development - Courses,https://www.thevalleybootcamp.com/python.html,"This course will start with an introduction to python programming. The course covers all the topics needed to be a good backend developer. On the scripting part, we cover Linux and shell scripting. We also go through the basics of github. We start with setting up the environment using python, pip and pycharm."
Complete Backend Development 2021 Bundle - Python Roadmap ...,https://allcoursesfree.com/complete-backend-development-2021-bundle-python-roadmap/,"29â€â€/5â€â€/2021Â Â· Welcome to The Complete 2021 Backend Development Bootcamp â€“ Python Roadmap, Throughout the course, we will explore the most important technologies and concepts you need to know to become a market-ready developer. Here is the structural flow that we will follow, Basics of Programming. Core Python."
Backend Developer (Python) - Tech Startup Jobs,https://techstartupjobs.com/jobs/backend-developer-python,"27â€â€/4â€â€/2021Â Â· arculusâ€™ mission is the reinvention of manufacturing through the transformation of one-dimensional production lines into scalable, flexible grids of production modules and the replacement of conveyor belts with autonomous mobile robots. Our product is the manufacturing system fabman, capable of planning, optimizing, and controlling manufacturing at an â€¦"
8 Best Backend Frameworks For Web App Development in 2021,https://www.monocubed.com/best-backend-frameworks/,"8â€â€/11â€â€/2021Â Â· Python â€“ Django, Flask. JavaScript â€“ Express.js, Spring. PHP â€“ Laravel, CakePHP. Ruby â€“ Ruby on Rails. Elixir â€“ Phoenix. The video showcases the evaluation of the most popular backend development frameworks and their growth over the years. We will discuss the features and use cases of these top 8 frameworks in this blog."
7 Top Python Frameworks For Web Development in 2021,https://www.monocubed.com/top-python-frameworks/,26â€â€/11â€â€/2021Â Â· Python backend frameworks have a higher source order abstractions and metaprogramming potential to develop large and complicated code systems and have a variety of libraries for unique features. Letâ€™s observe a few of the operations involved in web app development that require usage of web frameworks for Python:
Python Web Development Tutorials â€“ Real Python,https://realpython.com/tutorials/web-dev/,"27â€â€/10â€â€/2021Â Â· Python Web Development Tutorials. Python is a beautiful language. Itâ€™s easy to learn and fun, and its syntax (the rules) is clear and concise. Python is a popular choice for beginners, yet still powerful enough to back some of the worldâ€™s most popular products and applications from companies like NASA, Google, IBM, Cisco, Microsoft ..."
How to become a Backend Developer: A 'do'able plan,https://www.crio.do/blog/backend-development-career/,"11â€â€/3â€â€/2021Â Â· Skill #1 Programming language and backend frameworks. It goes without saying that to be a skilled backend developer, it is crucial to master a programming language. The backend code written in a specific language is used to â€¦"
Python Django Backend Developer jobs - Indeed.com,https://www.indeed.com/q-Python-Django-Backend-Developer-jobs.html,"Bethesda, MD 20892 â€¢ Temporarily Remote. $95,112 - $135,686 a year. Easily apply. Responsive employer. Urgently hiring. Create backend services and tools that will help to expose internal services. Full time position for a *Senior-level Python and C++ Developer. Active 6 days ago."
Backend Developer Skills You need to Know,https://squareboat.com/blog/backend-developer-skills,"The backend is the part of a web application that is unrevealed to the user. Unlike front-end, back-end development operations are not very easy and usually turn out to be complicated and manifold; this part is in alignment with the server. Backend operations are a lot different that are controlled by different programming languages like C, C++, Perl, and Ruby."
Python Developer Salary in the US and World in 2021| Why ...,https://www.daxx.com/blog/development-trends/python-developer-salary-usa,"1â€â€/7â€â€/2021Â Â· Python developer salary in the USA in 2021 is $108,598. Python developer salary in Switzerland is lower than in the USA and reaches $103,55 per year. Software engineers in Germany are paid $65,020. In Austria, the Python developer's salary is lower than in Germany and reaches $57,510. Python programmer salary in Sweden reaches $54,780 per year."
Python Backend Development - Courses,https://www.thevalleybootcamp.com/python.html,"This course will start with an introduction to python programming. The course covers all the topics needed to be a good backend developer. On the scripting part, we cover Linux and shell scripting. We also go through the basics of github. We start with setting up â€¦"
Backend with Python,https://www.fynd.academy/courses/backend-with-python,"Backend with Python. Explore the world of Python programming and get hands-on with real world examples and coding challenges. This course will help you get up & running with Python programming in a mere few weeks. Designed by the Python Developers and Data Engineers at Fynd, the course will teach you the programming techniques, code conventions ..."
Complete Backend Development 2021 Bundle - Python Roadmap ...,https://allcoursesfree.com/complete-backend-development-2021-bundle-python-roadmap/,"29â€â€/5â€â€/2021Â Â· Welcome to The Complete 2021 Backend Development Bootcamp â€“ Python Roadmap, Throughout the course, we will explore the most important technologies and concepts you need to know to become a market-ready developer. Here is the structural flow that we will follow, Basics of Programming. Core Python."
Backend Developer (Python) - Tech Startup Jobs,https://techstartupjobs.com/jobs/backend-developer-python,"27â€â€/4â€â€/2021Â Â· arculusâ€™ mission is the reinvention of manufacturing through the transformation of one-dimensional production lines into scalable, flexible grids of production modules and the replacement of conveyor belts with autonomous mobile robots. Our product is the manufacturing system fabman, capable of planning, optimizing, and controlling manufacturing at an unprecedented scale, flexibility, â€¦"
Backend python developer Jobs | Glassdoor,"https://www.glassdoor.com/Job/backend-python-developer-jobs-SRCH_KO0,24.htm","2066 backend python developer Jobs. 3.6. Nagios Enterprises, LLC. Senior Python Developer. Saint Paul, MN. Easy Apply. 30d+. Benefits offered include a 3% matching IRA, health and dental insurance, and paid vacation. Degree in computer science or equivalent work experience.â€¦."
Python Django Backend Developer jobs - Indeed.com,https://www.indeed.com/q-Python-Django-Backend-Developer-jobs.html,"Bethesda, MD 20892 â€¢ Temporarily Remote. $95,112 - $135,686 a year. Easily apply. Responsive employer. Urgently hiring. Create backend services and tools that will help to expose internal services. Full time position for a *Senior-level Python and C++ Developer. Active 6 days ago."
How to become a Backend Developer: A 'do'able plan,https://www.crio.do/blog/backend-development-career/,"11â€â€/3â€â€/2021Â Â· Skill #1 Programming language and backend frameworks. It goes without saying that to be a skilled backend developer, it is crucial to master a programming language. The backend code written in a specific language is used to communicate with the frontend of the web application."
Python Web Development Tutorials â€“ Real Python,https://realpython.com/tutorials/web-dev/,"27â€â€/10â€â€/2021Â Â· Python Web Development Tutorials. Python is a beautiful language. Itâ€™s easy to learn and fun, and its syntax (the rules) is clear and concise. Python is a popular choice for beginners, yet still powerful enough to back some of the worldâ€™s most popular products and applications from companies like NASA, Google, IBM, Cisco, Microsoft ..."
VAGA Back-End - Python Backend Developer,https://programathor.com.br/jobs/2946-python-backend-developer,#NAME?
Backend Developer Skills You need to Know,https://squareboat.com/blog/backend-developer-skills,"The backend is the part of a web application that is unrevealed to the user. Unlike front-end, back-end development operations are not very easy and usually turn out to be complicated and manifold; this part is in alignment with the server. Backend operations are a lot different that are controlled by different programming languages like C, C++, Perl, and Ruby."
Backend with Python,https://www.fynd.academy/courses/backend-with-python,"Backend with Python. Explore the world of Python programming and get hands-on with real world examples and coding challenges. This course will help you get up & running with Python programming in a mere few weeks. Designed by the Python Developers and Data Engineers at Fynd, the course will teach you the programming techniques, code conventions ..."
Backend Developer (Python) - Tech Startup Jobs,https://techstartupjobs.com/jobs/backend-developer-python,"27â€â€/4â€â€/2021Â Â· arculusâ€™ mission is the reinvention of manufacturing through the transformation of one-dimensional production lines into scalable, flexible grids of production modules and the replacement of conveyor belts with autonomous mobile robots. Our product is the manufacturing system fabman, capable of planning, optimizing, and controlling manufacturing at an â€¦"
Best Backend Programming Languages 2021 - Coderzway,https://coderzway.com/best-backend-programming-languages-2021/,"1â€â€/4â€â€/2021Â Â· Python is a programming language which can be used for many tasks like Machine Learning, Artificial Intelligence, Web and App development, automation and developing backends for applications. python is easy because of its simple syntax and it is fast and has many great frameworks which can be used for backend development like"
Backend Developer Roadmap 2021. Backend development (also ...,https://codefurther.medium.com/backend-developer-roadmap-2021-8b0171b72a0b,"11â€â€/7â€â€/2021Â Â· Which Language to use for Backend Development? Backend programming can either be object-oriented (OOP) or functional. The former is the technique that focuses on the creation of objects. With object-oriented programming, statements should be executed in a particular order. Popular OOP languages are Java, .NET, and Python,"
Backend python developer Jobs | Glassdoor,"https://www.glassdoor.com/Job/backend-python-developer-jobs-SRCH_KO0,24.htm","2066 backend python developer Jobs. 3.6. Nagios Enterprises, LLC. Senior Python Developer. Saint Paul, MN. Easy Apply. 30d+. Benefits offered include a 3% matching IRA, health and dental insurance, and paid vacation. Degree in â€¦"
Python Django Backend Developer jobs - Indeed.com,https://www.indeed.com/q-Python-Django-Backend-Developer-jobs.html,"Bethesda, MD 20892 â€¢ Temporarily Remote. $95,112 - $135,686 a year. Easily apply. Responsive employer. Urgently hiring. Create backend services and tools that will help to expose internal services. Full time position for a *Senior-level Python and C++ Developer. Active 6 days ago."
Python Web Development Tutorials â€“ Real Python,https://realpython.com/tutorials/web-dev/,"27â€â€/10â€â€/2021Â Â· Python Web Development Tutorials. Python is a beautiful language. Itâ€™s easy to learn and fun, and its syntax (the rules) is clear and concise. Python is a popular choice for beginners, yet still powerful enough to back some of the worldâ€™s most popular products and applications from companies like NASA, Google, IBM, Cisco, Microsoft ..."
VAGA Back-End - Python Backend Developer,https://programathor.com.br/jobs/2946-python-backend-developer,#NAME?
Backend Developer Skills You need to Know,https://squareboat.com/blog/backend-developer-skills,"The backend is the part of a web application that is unrevealed to the user. Unlike front-end, back-end development operations are not very easy and usually turn out to be complicated and manifold; this part is in alignment with the server. Backend operations are a lot different that are controlled by different programming languages like C, C++, Perl, and Ruby."
10 Cool Python Project Ideas for Python Developers | by ...,https://towardsdatascience.com/10-cool-python-project-ideas-for-python-developers-7953047e203,"5â€â€/9â€â€/2020Â Â· With Python, you can develop programs not just for the web, but also for desktop and command-line. Python can be suitable for programmers of varying skill levels, right from the students to intermediate developers, to experts and professionals. But every programming language requires constant learning, and its the same case with Python."
